coverage_id,category,conversation_state,status,scene_ids,notes
opening.grate,Opening and first expedition,Optional concerned grate call,written_candidate,prologue.kit_grate,
opening.rescue,Opening and first expedition,Renewed contact and rope,written_candidate,rescue.found;rescue.rope,
opening.reunion,Opening and first expedition,Silent raise and reaction,written_candidate,reunion.question;reunion.hint;reunion.proof;reunion.first_piece;reunion.depart,
opening.forest,Opening and first expedition,Quiet forest discovery and wait,written_candidate,forest.night;forest.waystone;forest.clue;forest.wait,
opening.lookout,Opening and first expedition,Visible future village endpoint,written_candidate,forest.village,
arrival.injury,Opening and first expedition,Proposed injury moment,written_candidate,kit.approach_injury,
arrival.base,Opening and first expedition,Injured town base and partnership,written_candidate,kit.accept_base;kit.shared_table,
arrival.welcome,Opening and first expedition,Tavern welcome and army versus hoard,written_candidate,story.hub_arrival;story.horde_name;kit.army_and_hoard,
arrival.lead,Opening and first expedition,Shrine lead with or without forest clue,written_candidate,story.hub_lead;story.hub_missing_mark,
shrine.voice,Opening and first expedition,First help and royal claim,written_candidate,story.shrine_first_voice;story.shrine_recap,
shrine.return,Opening and first expedition,Recovered register and two routes,written_candidate,story.register_return;kit.shrine_register_return,
shrine.incomplete,Opening and first expedition,Unsuccessful shrine return,written_candidate,kit.shrine_empty_return,
kit.voice,Opening and first expedition,In-person first lantern hearing,written_candidate,story.lantern_town_introduction;kit.first_direct_voice;kit.royal_claim,
abbey.access.magic.offer,Abbey access,Magic offer,written_candidate,hub.access.magic.offer,
abbey.access.magic.progress,Abbey access,Magic progress,written_candidate,hub.access.magic.progress,
abbey.access.magic.retry,Abbey access,Magic retry,written_candidate,hub.access.magic.retry,
abbey.access.magic.complete,Abbey access,Magic complete,written_candidate,hub.access.magic.complete,
abbey.access.tech.offer,Abbey access,Tech offer,written_candidate,hub.access.tech.offer,
abbey.access.tech.progress,Abbey access,Tech progress,written_candidate,hub.access.tech.progress,
abbey.access.tech.retry,Abbey access,Tech retry,written_candidate,hub.access.tech.retry,
abbey.access.tech.complete,Abbey access,Tech complete,written_candidate,hub.access.tech.complete,
abbey.access.body.offer,Abbey access,Body offer,written_candidate,hub.access.body.offer,
abbey.access.body.progress,Abbey access,Body progress,written_candidate,hub.access.body.progress,
abbey.access.body.retry,Abbey access,Body retry,written_candidate,hub.access.body.retry,
abbey.access.body.complete,Abbey access,Body complete,written_candidate,hub.access.body.complete,
foundry.access.bridge.offer,Foundry access,Bridge offer,written_candidate,hub.access.bridge.offer,
foundry.access.bridge.progress,Foundry access,Bridge progress,written_candidate,hub.access.bridge.progress,
foundry.access.bridge.retry,Foundry access,Bridge retry,written_candidate,hub.access.bridge.retry,
foundry.access.bridge.complete,Foundry access,Bridge complete,written_candidate,hub.access.bridge.complete,
foundry.access.stones.offer,Foundry access,Stones offer,written_candidate,hub.access.stones.offer,
foundry.access.stones.progress,Foundry access,Stones progress,written_candidate,hub.access.stones.progress,
foundry.access.stones.retry,Foundry access,Stones retry,written_candidate,hub.access.stones.retry,
foundry.access.stones.complete,Foundry access,Stones complete,written_candidate,hub.access.stones.complete,
foundry.access.climb.offer,Foundry access,Climb offer,written_candidate,hub.access.climb.offer,
foundry.access.climb.progress,Foundry access,Climb progress,written_candidate,hub.access.climb.progress,
foundry.access.climb.retry,Foundry access,Climb retry,written_candidate,hub.access.climb.retry,
foundry.access.climb.complete,Foundry access,Climb complete,written_candidate,hub.access.climb.complete,
access.limits,Access safety,Smoke and finite air limitations,written_candidate,hub.access.smoke.route;access.smoke_tech;access.smoke_magic;access.smoke_body,
abbey.departure,Middle dungeons,Abbey departure,written_candidate,kit.abbey_departure,
abbey.incomplete,Middle dungeons,Abbey incomplete,written_candidate,kit.abbey_incomplete_no_tool;kit.abbey_incomplete_tool,
abbey.item_lesson,Middle dungeons,Abbey item_lesson,written_candidate,tool.abbey_lesson;tool.abbey_reset,
abbey.boss,Middle dungeons,Abbey boss,written_candidate,boss.abbey_warning;boss.abbey_hint,
abbey.reward,Middle dungeons,Abbey reward,written_candidate,story.abbey_reward;kit.abbey_seal_return,
foundry.departure,Middle dungeons,Foundry departure,written_candidate,kit.foundry_departure,
foundry.incomplete,Middle dungeons,Foundry incomplete,written_candidate,kit.foundry_incomplete_no_tool;kit.foundry_incomplete_tool,
foundry.item_lesson,Middle dungeons,Foundry item_lesson,written_candidate,tool.foundry_lesson;tool.foundry_reset,
foundry.boss,Middle dungeons,Foundry boss,written_candidate,boss.foundry_warning;boss.foundry_hint,
foundry.reward,Middle dungeons,Foundry reward,written_candidate,story.foundry_reward;kit.foundry_seal_return,
abbey.evidence,Middle dungeons,Plunder admission independent of order,written_candidate,story.abbey_plunder;story.abbey_after_foundry,
foundry.evidence,Middle dungeons,Binding record independent of order,written_candidate,story.foundry_oath;story.foundry_after_abbey;story.foundry_record_return,
orders.abbey_first,Either order,Abbey-first return and remaining road,written_candidate,return.abbey_first;kit.abbey_first,
orders.foundry_first,Either order,Foundry-first return and remaining road,written_candidate,return.foundry_first;kit.foundry_first,
orders.converge,Either order,Two seals and evidence-based doubt,written_candidate,return.two_seal_scene;return.jailer_translation;kit.doubt_from_evidence,
services.tavern,Hub services,tavern greeting/cancel/insufficient resources,written_candidate,hub.service.tavern.greet;hub.service.tavern.cancel;hub.service.tavern.insufficient,
services.record,Hub services,record greeting/cancel/insufficient resources,written_candidate,hub.service.record.greet;hub.service.record.cancel;hub.service.record.insufficient,
services.artificer,Hub services,artificer greeting/cancel/insufficient resources,written_candidate,hub.service.artificer.greet;hub.service.artificer.cancel;hub.service.artificer.insufficient,
services.salvager,Hub services,salvager greeting/cancel/insufficient resources,written_candidate,hub.service.salvager.greet;hub.service.salvager.cancel;hub.service.salvager.insufficient,
services.dealer,Hub services,dealer greeting/cancel/insufficient resources,written_candidate,hub.service.dealer.greet;hub.service.dealer.cancel;hub.service.dealer.insufficient,
relic.inspect,Named relic,Inspection and verified claim review,written_candidate,hub.relic.inspect;story.relic_claim_verified,
relic.choice,Named relic,Sell/return/defer choice,written_candidate,hub.relic.sale_preview;hub.relic.return_preview;hub.relic.decision_deferred;kit.named_relic_choice,
relic.outcome,Named relic,Sale/return/retention reactions and evidence survives,written_candidate,hub.relic.return_complete;hub.relic.sold_recovery;kit.named_relic_sold;kit.named_relic_kept,
relic.claimant,Named relic,Specific living claimant identity and proof scene,detail_deferred,,Generic verified-claim dialogue exists; actual claimant and proof must be chosen.
relic.recovery,Named relic,Exact attainable recovery transaction after sale,detail_deferred,,"Recovery enquiry authored; price/rules/source unresolved, do not promise a free buyback."
hub.mill,World changes,Actual repaired mill acknowledged,written_candidate,hub.change.mill;kit.mill_working,
hub.trade,World changes,Optional fittings and actual reopened trade,written_candidate,hub.change.wagon_materials;hub.change.trade;kit.trade_reopened,
kit.recovery,Character,Recovery and attachment without a time jump,written_candidate,kit.recovery;kit.personal_stake;kit.enough,
court.gate,Court,Missing seal and both-seal access guidance,written_candidate,court.gate_missing_abbey;court.gate_missing_foundry;court.gate_missing_both;court.access_help,
court.access.magic,Court access,Magic detailed access quest stages,detail_deferred,,Approved alternative access direction; specific Court actions/quests not yet defined.
court.access.tech,Court access,Tech detailed access quest stages,detail_deferred,,Approved alternative access direction; specific Court actions/quests not yet defined.
court.access.constitution,Court access,Constitution detailed access quest stages,detail_deferred,,Approved alternative access direction; specific Court actions/quests not yet defined.
court.item,Court,Early aperture lesson and contextual hint,written_candidate,tool.court_lesson;tool.court_hint,
court.boss,Court,Keeper encounter and required aperture hint,written_candidate,story.court_recognition;boss.court_hint,
court.truth,Court,Evidence and recoverable identity/bond reveal,written_candidate,story.court_evidence;story.court_recap_hub;story.ritual_risk,Keeper-speaking interval is decision-blocked; documentary fallback and underlying canon written.
court.return,Court,Incomplete and completed Kit debrief,written_candidate,kit.court_incomplete_no_aperture;kit.court_incomplete_aperture;kit.court_evidence_debrief,
final.prep,Finale,Learned tools and Kit departure,written_candidate,story.final_preparation;kit.final_preparation;kit.final_departure,
final.risk,Finale,Real treasury and explicit release risk,written_candidate,story.treasury_view;story.treasury_risk_recap,
final.counterplay,Finale,Precise final encounter counterplay cues,detail_deferred,,Must follow accepted actual boss prototype; no newly invented last-minute rule.
return.neutral,Ending,One hopeful return without optional tasks,written_candidate,story.epilogue_neutral;kit.final_town_reunion;kit.quiet_closure,
return.reactive,Ending,Treasure and released names acknowledged,written_candidate,kit.treasure_home;kit.release_evidence;story.epilogue_names,
tavern.preseals,Ambient,Three short tavern exchanges at preseals,written_candidate,tavern.preseals.weight;tavern.preseals.bell;tavern.preseals.kit,
tavern.oneseal,Ambient,Three short tavern exchanges at oneseal,written_candidate,tavern.oneseal.pack;tavern.oneseal.claims;tavern.oneseal.kit,
tavern.twoseals,Ambient,Three short tavern exchanges at twoseals,written_candidate,tavern.twoseals.ridge;tavern.twoseals.reading;tavern.twoseals.kit,
tavern.finale,Ambient,Three short tavern exchanges at finale,written_candidate,tavern.finale.supper;tavern.finale.names;tavern.finale.kit,
passing,Ambient,Local passing comments and lore,written_candidate,hub.passing.arrival;hub.passing.churchyard;hub.passing.shrine;hub.passing.mill_work;hub.passing.mill_running;hub.passing.wet_gear;hub.passing.heavy_pack;hub.passing.learned_retreat;hub.passing.relic_returned;hub.passing.trade_arrived;hub.passing.two_seals;hub.passing.finale;hub.lore.caravan;hub.lore.bell;hub.lore.histories,
boss.optional,Optional,Final boss voice alternatives,optional_candidate,optional_boss.release;optional_boss.pressure;optional_boss.counter;optional_boss.last,Owner said maybe; excluded from core TTS and recording lock.
