asset_id,category,asset_or_package,proposed_master_or_set_quantity,placement_ids,priority,production_route,design_status,technical_requirements,source_ids,acceptance_gates,proposed_release,story_or_play_purpose
SH01,Architecture,Stone wall kit,6,DA01-DA10; AF01-AF10; GC01-GC09,P0,Blender + existing Horde PBR,Proposed,"Straight full/half, inside/outside corners, doorway, window bay; regional trim overrides. Snap dimensions after blockout.",D1;D4;D6,G2,Shared 1.9-1.11,Recognisable old-kingdom construction; frame navigable paths.
SH02,Architecture,Floor and ceiling kit,4,DA01-DA10; AF01-AF10; GC01-GC09,P0,Blender,Proposed,"Full floor, half floor, ceiling, edge cap; watertight Abbey variants use same grid.",D1;D4;D6,G2,Shared 1.9-1.11,Continuous walkable rooms and credible roof/enclosure boundaries.
SH03,Architecture,Stair and landing kit,4,A0-A3; DA07; AF05; G1; GC01,P0,Blender,Proposed,"Straight stair, short stair, landing, retaining side. Walkable proxy independent of visual treads.",D1;D4;D6,G2,Shared 1.9-1.11,Legible vertical routes; connect floors without hidden traversal rules.
SH04,Architecture,Door and frame kit,3,DA02; DA06; DA10; AF01; AF06; AF10; GC01; GC09,P0,Blender,Proposed,"Timber door, iron service door, reusable frame. Hinge pivot; open/closed collider state.",D1;D4;D6,G2,Shared 1.9-1.11,"Make restricted access, shortcuts and persistent return routes visible."
SH05,Architecture,Arch and column kit,4,DA02; DA05; DA08; GC02; GC03,P1,Blender,Proposed,"Arch, column, capital, broken column. Abbey/Court trim changes; no collision snag.",D1;D4;D6,G2,Shared 1.9-1.11,Related regional craft with distinct religious and courtly proportions.
SH06,Prop,Rubble and fracture kit,5,J0; A0; DA01; AF02; G1; GC02,P1,Blender,Proposed,"Large block, small heap, lintel fragment, tile pile, broken timber. Keep encounter lanes clear.",D1;D4;D6,G2,Shared 1.9-1.11,Explain decay/collapse and bound the route without arbitrary invisible walls.
SH07,Prop,Containers and mundane loot,5,DA05; AF02; AF09; GC06,P1,Horde chest audit + Blender,Proposed,"Chest, crate, barrel, small sack, coin/value pickup. Shared persistence; loot economy unpriced.",D1;D4;D6,G2,Shared 1.9-1.11,Reward exploration and establish former storage/work use.
SH08,Prop,Wall light fixtures,3,DA02; DA07; AF01; AF07; GC01,P1,Horde fixture audit + Blender,Proposed,"Sconce, hanging bracket, extinguished lamp. Flame/light runtime-owned; distinguish Keeper lantern.",D1;D4;D6,G2,Shared 1.9-1.11,Show prior occupation and support readable local light grammar.
SH09,Interaction,Common switch kit,3,DA06; AF05; AF06; GC05,P0,Blender,Proposed,"Lever, wheel, press latch. Exact grip and stop pivots; simulation emits state changes.",D1;D4;D6,G2,Shared 1.9-1.11,"Give physical causes to changed doors, shutters and machinery."
SH10,Interaction,Safe checkpoint presentation,1,A1; DA07; AF07; GC01,P0,Reuse shared UI + authored marker,Proposed,One visual grammar; no invented healing shrine lore. Save/retry capability persists independently.,D1;D4;D6,G2,Shared 1.9-1.11,Signal reliable recovery without inventing a supernatural healing system.
SH11,Equipment,Existing sword and Keeper lantern,2,All player-accessible rooms,P0,Retain accepted Horde assets,Proposed,Audit latest draw/stow/restore and parry poses. No duplicate props or phantom light.,D1;D4;D6,G2,Shared 1.9-1.11,Preserve the player identity and the carried prison throughout the campaign.
SH12,Data,Regional placement and streaming manifests,3,DA; AF; GC + approaches,P0,Engine authoring,Proposed,"Stable instance IDs; scene groups, residency, bounds, LOD references, saved-state keys.",D1;D4;D6,G2,Shared 1.9-1.11,Keep route and story state coherent across bounded areas.
SH13,Collision,Shared collision proxy library,6,All traversal,P0,Blender + engine authoring,Proposed,"Wall, slab, ramp, cylinder, convex prop, hazard boundary; no triangle soup by default.",D1;D4;D6,G2,Shared 1.9-1.11,Make visual supports and blockers agree with movement.
SH14,Navigation,Room navigation and encounter data,3,DA; AF; GC,P0,Engine authoring,Proposed,"One chapter data set each; portals, leash limits, safe pockets, no-spawn sightlines, doors, retries.",D1;D4;D6,G2,Shared 1.9-1.11,Tie enemy territory to duties and protect safe navigation.
SH15,UI,Interaction and tool prompt family,1,All puzzle/tool rooms,P0,Native/vector UI,Proposed,"Place, rotate, retrieve, use, unavailable, safe exit; text remains dynamic and accessible.",D1;D4;D6,G2,Shared 1.9-1.11,Explain tool actions without clutter or forced spoken player dialogue.
SH16,Audio,Common mechanism and material Foley set,12,All dungeon/approach regions,P1,Existing audio audition + author/licensed,Proposed,"Footstep surfaces x4, door open/close, lever, wheel, latch, pickup, denied action, checkpoint. Proposed cue families, variation count later.",D1;D4;D6,G2,Shared 1.9-1.11,Make material contact and mechanism state audible.
AP01,Terrain,Regional route terrain kit,6,J0; A0; A1; X0-X2; F0; G1,P0,Blender,Proposed,"Path straight/bend/slope, bank, ridge ledge, retaining cliff. Build actual bounded routes; no open-world promise.",D1;D2;D4,G2,Shared 1.9-1.11,"Express downhill flooded basin, eastern works and uphill court as different journeys."
AP02,Vegetation,Approved forest tree archetypes,4,J0; A0; X1; G1,P1,1.7 forest kit reuse candidate,Proposed,Reuse up to four established masters; thinner high-ridge dressing. 3D LODs; no forest billboards.,D1;D2;D4,G2,Shared 1.9-1.11,Carry the same forest geography outward from Bellwether.
AP03,Prop,Forest rock root log kit,6,J0; A0; X1; G1,P1,1.7 forest kit reuse candidate,Proposed,Same geology along travel routes; snow/soot/wet treatment where physically justified.,D1;D2;D4,G2,Shared 1.9-1.11,Ground routes in consistent local geology and erosion.
AP04,Vegetation,Riverbank reeds and low plants,3,A0; A1,P1,Blender,Proposed,Two reed clumps and one low plant; opaque geometry preferred until alpha validated.,D1;D2;D4,G2,1.9 proposed,Show sheltered freshwater shore ecology.
AP05,Structure,Waymarker and route sign,2,J0; A0; F0; G0,P0,Blender + authored lettering,Proposed,Region shape/icon plus readable text; do not imply every scenery path is open.,D1;D2;D4,G2,Shared 1.9-1.11,Support independent dungeon choice and confident return to the village.
AP06,Structure,Broken and repaired bridge states,2,X0,P0,Blender,Proposed,"One structural design, broken and repaired meshes; reusable beams not independent bridge designs.",D1;D2;D4,G2,1.10 proposed,Turn a broken trade connection into a practical access problem.
AP07,Traversal,Maintenance route handholds,3,X1,P0,Blender + player traversal contract,Proposed,"Ledge, handhold, ladder candidate; pick supported movement before detailed asset.",D1;D2;D4,G2,1.10 proposed,Give physical training a credible alternative to repair or magic.
AP08,Interaction,Magic crossing stone kit,3,X2,P0,Blender + native effect,Proposed,"Start, repeat step, endpoint; inactive/active material states; recoverable crossing.",D1;D2;D4,G2,1.10 proposed,Give Magic a visible independently sufficient route.
AP09,Structure,Ridge two-seal gate,1,G0,P0,Blender,Proposed,Two seal receptacles; unlock only after both dungeon results; no third access item.,D1;D2;D4,G2,1.11 proposed,Express the two-seal campaign gate as a physical mechanism.
AP10,Structure,Bellwether route-facing continuity kit,1,J0 links back to Bellwether,P1,Reuse approved hub assets,Proposed,Reference church/mill/trade-route silhouettes only where visible; unwalled village. No new NPC batch.,D1;D2;D4,G2,Reuse 1.8 hub,Keep Bellwether recognisable as home and destination.
AP11,Lighting,Night and atmospheric region settings,3,A0-A3; F0; G0-G1,P0,Shared native RT systems,Proposed,Matched moon direction where visible; no automatic daylight or weather-system expansion.,D1;D2;D4,G2,Shared 1.9-1.11,Preserve travel continuity and place identity without implying dawn.
AP12,Audio,Approach ambience beds,3,A0-A1; X0-F0; G0-G1,P1,Author/licensed,Proposed,"Lake hush, distant foundry, ridge wind. Loop seams and dry/wet transitions; audible approach identity.",D1;D2;D4,G2,Shared 1.9-1.11,Let players hear the next place before seeing its full interior.
AP13,Structure,Processional rest ruin,1,A4,P1,Blender + Abbey trim,Proposed,Optional approach loop with former religious use; no compulsory quest object.,D1;D2,G2,1.9 proposed,"Reveal former processional use of the approach, not arbitrary roadside loot."
AP14,Structure,Crane lookout and cooling yard kit,3,F1; F2,P1,Blender,Proposed,"Crane base, viewing platform, cooling basin; no new moving crane mechanic required.",D1;D2,G2,1.10 proposed,Show the Foundry logistics and cooling process before entering its works.
AP15,Structure,Low service arch crossing kit,1,X1,P0,Blender,Proposed,"Surviving arch with authored descent/ascent; walkable support must span water, not invisible ground.",D1;D2,G2,1.10 proposed,Make the practical maintenance route physically credible.
AP16,Structure,Collapsed stair and roofless gatehouse,2,G2; G3; G1,P0,Blender,Proposed,Blocked direct stair and ordinary walkable switchback detour; gatehouse and vista occupy same place.,D1;D2,G2,1.11 proposed,Turn palace decay into a readable detour with surviving gate architecture.
AP17,Terrain,Optional ridge shelf,1,G4,P1,Blender + ridge terrain,Proposed,Optional safe overlook; reads high Court relation to dry treasury without opening inaccessible space.,D1;D2,G2,1.11 proposed,Reward curiosity with regional understanding rather than compulsory loot.
DAA01,Structure,Broken tower silhouette kit,3,A0-A3; DA01,P0,Blender,Proposed,"Intact tower section, broken crown, roof ruin; align vista and playable approach.",D1;D3,G2,1.9 proposed,Advertise the Abbey destination before the submerged commitment.
DAA02,Terrain,Lake basin and boundary geometry,1,A0-A3,P0,Blender + scene data,Proposed,River-fed containment/inflow/outflow; real distant geometry and bounded playable lake area.,D1;D3,G2,1.9 proposed,Make the flooded religious house geographically credible.
DAA03,Water,Lake surface and interface package,1,A0-A3; DA04; DA11,P0,Native RT + Blender bounds,Proposed,"Surface mesh, medium bounds and analytic-wave descriptors; staged RT work, not waterfall scaling.",D1;D3,G1;G2;G7,1.9 proposed,Establish surrounding water and bounded light interaction.
DAA04,Traversal,Submerged crossing route package,1,A1-A2-A3,P0,Blockout + engine authoring,Proposed,"Short guided prototype or bounded alternative; finite breath, retreat/retry, retained look.",D1;D3,G1;G2;G7,1.9 proposed,Make access preparation meaningful with recoverable tension.
DAA05,Structure,Air refuge and dry entry volumes,2,A2; A3; DA01,P0,Blender,Proposed,Above-water refuge tower and dry arrival enclosure; any below-water dry room requires sealed boundaries.,D1;D3,G2,1.9 proposed,Provide believable finite-breath safety and dry combat space.
DAA06,Architecture,Sealed viewing window kit,2,DA04,P0,Blender + bounded glass,Proposed,"Frame and sealed pane; water outside, dry inside. Optical readability and collision align.",D1;D3,G2,1.9 proposed,Keep the drowned identity visible during dry exploration.
DAA07,Architecture,Abbey cloister trim kit,4,DA02; DA05; DA10,P1,Blender,Proposed,"Buttress, carved arch inset, ledge, niche; religious-house identity without imported lore.",D1;D3,G2,1.9 proposed,Read as a religious house rather than a generic tomb.
DAA08,Prop,Attendant duty props,4,DA05,P1,Blender,Proposed,"Broom/tool, lectern, service bench, small bell; tableau explains continued duty.",D1;D3,G2,1.9 proposed,Explain dead attendants through continuing work.
DAA09,Prop,Broken bell and suspension kit,3,DA07; DA08; A0 vista,P1,Blender,Proposed,"Bell, yoke, chain; physical pivot and collision; tonal cues do not falsely signal attacks.",D1;D3,G2,1.9 proposed,Carry the Abbey bell motif through place and guardian identity.
DAA10,Tool,Placeable reflector,1,DA03; DA06; DA08,P0,Blender,Approved item; geometry proposed,"ITEM-DA-01: persistent placeable reflector, authored sockets, rotate/retrieve/recall; actual reflected path required to open Bellkeeper exposure.",D1;D3,G2,1.9 proposed,Teach redirecting actual light for puzzles and the boss.
DAA11,Puzzle,Reflector receptor and path markers,3,DA03; DA06,P0,Blender + native light state,Proposed,"Teaching, progression and boss receivers; finite world-space ray/occlusion checks; actual reflected item path, not inventory flag.",D1;D3,G2,1.9 proposed,Show cause and effect before testing it under pressure.
DAA12,Puzzle,Shutter assembly,2,DA06; DA08,P0,Blender,Proposed,Teaching and boss-sized assemblies share mechanism; hard stops; simulation drives exposure.,D1;D3,G2,1.9 proposed,Give exposure and protection a readable physical cause.
DAA13,Reward,Abbey seal,1,DA09,P0,Blender,Proposed,One of two order-independent seals; stable identity and pickup/save state.,D1;D3,G2,1.9 proposed,Advance either-order custody/seal progression.
DAA14,Story,Claimant relic and readable evidence,2,DA09,P1,Authored concept + Blender,Proposed,One original disputed valuable and evidence surface; claimant identity/content awaits writing.,D1;D3,G2,1.9 proposed,Make plunder personal through a living claimant.
DAA15,Prop,Flood decay and waterline set,5,DA01; DA04; DA05; DA11,P1,Materials + Blender,Proposed,"Debris, mineral band, wet edge, seep crack, silt heap; not unexplained ocean barnacle kit.",D1;D3,G2,1.9 proposed,Show past flooding and ongoing seepage without deciding its cause.
DAA16,Architecture,Optional flooded cell kit,1,DA11,P2,Reuse Abbey kit,Proposed,Only nonessential reward; cannot become mandatory breath or progression dependency.,D1;D3,G2,1.9 proposed,Reward optional risk without locking mandatory progression.
DAA17,VFX,Underwater and seepage effect set,4,A1-A3; DA04; DA11,P0,Native RT medium + bounded effects,Proposed,"Entry/exit, depth absorption, local disturbance, seep drip; decorative caustics never puzzle truth.",D1;D3,G2,1.9 proposed,Explain the water boundary and wet interior state.
DAA18,UI,Breath and access state family,1,A1-A3; DA11,P0,Shared UI authoring,Proposed,"Ward/gear/breath, warning, recovery, abort feedback. Non-colour and non-audio-only cues.",D1;D3,G2,1.9 proposed,Communicate finite breath and recovery fairly.
DAA19,Equipment,Breathing gear and ward presentation,2,A1-A3,P0,Blender + native effect,Proposed,"Tech equipment and Magic state; Constitution has trained breath, not a third magic item.",D1;D3,G2,1.9 proposed,Visually distinguish two access preparations without invalidating trained breath.
DAA20,Audio,Abbey spatial cue families,8,A0-DA11,P1,Author/licensed,Proposed,"Submerged bell, interior bell, water entry/exit, drip, shutter, reflector, ward, gear. Keep dialogue intelligible.",D1;D3,G2,1.9 proposed,"Locate water, bells and mechanisms; support quiet drowned atmosphere."
AFA01,Architecture,Foundry furnace brick kit,4,AF02-AF08,P1,Blender + PBR,Proposed,"Heat-dark wall, firebox arch, vent, ash trough; reuse shared grid and plausible ducts.",D1;D2,G2,1.10 proposed,Identify the royal mint through purposeful industrial construction.
AFA02,Structure,Mint press assembly,1,AF02; AF05,P0,Blender mechanical,Proposed,"Stationary base, platen, linkage, guards; exact axes and bounded cycle; no auto-rig dependency.",D1;D2,G2,1.10 proposed,Show the former production process and make machinery readable.
AFA03,Structure,Furnace and flue assembly,1,AF04; AF05; AF08,P0,Blender mechanical,Proposed,"Opening, shutter, flue; separate safe floor and hazardous surfaces; no unlimited particles.",D1;D2,G2,1.10 proposed,Give heat/smoke hazards a visible source and escape logic.
AFA04,Prop,Mint workbench and tools,5,AF02; AF05,P1,Blender,Proposed,"Bench, die pair, tongs, hammer, coin tray; readable labour history and reusable hand tools.",D1;D2,G2,1.10 proposed,Connect cursed workers to actual mint labour.
AFA05,Architecture,Maintenance catwalk kit,4,AF05; AF10,P0,Blender,Proposed,"Straight, corner, stair adapter, rail; closed safe travel even on return.",D1;D2,G2,1.10 proposed,Make industrial circulation and service return credible.
AFA06,Prop,Cargo and coin stacks,3,AF02; AF09,P1,Blender,Proposed,"Coin stack, ingot stack, stamped crate; use instanced clusters not thousands of individual coins.",D1;D2,G2,1.10 proposed,Show the physical origin of minted wealth without loot spam.
AFA07,Tool,Shuttered lantern stand,1,AF03; AF06; AF08,P0,Blender,Approved item; geometry proposed,ITEM-AF-01: persistent shuttered stand anchors the one existing lantern at a valid socket; independent player movement; retrieve/recall preserves emitter ownership.,D1;D2,G2,1.10 proposed,Teach leaving and shuttering light to control exposure.
AFA08,Puzzle,Watcher mechanism,1,AF04; AF06,P0,Blender + engine state,Proposed,Proposed non-creature light sensor with directional head; not a new enemy family or canon species.,D1;D2,G2,1.10 proposed,Give watched spaces a clear light-sensitive apparatus.
AFA09,Puzzle,Cover panel kit,3,AF04; AF06; AF08,P0,Blender,Proposed,"Low cover, tall screen, movable candidate only if movement approved; actual shadow visibility.",D1;D2,G2,1.10 proposed,Create deliberate shadow and positioning decisions.
AFA10,Interaction,Vent control kit,2,AF04; AF05,P0,Blender + fixed-step hazards,Proposed,Valve and louver; repeat state change uses common switch events.,D1;D2,G2,1.10 proposed,Allow visible practical control over industrial hazards.
AFA11,Reward,Foundry seal,1,AF09,P0,Blender,Proposed,Peer seal; no order numbering or mandatory Abbey prerequisite.,D1;D2,G2,1.10 proposed,Complete the peer seal objective in either order.
AFA12,Story,Royal bargain archive set,3,AF09,P1,Original authored writing + Blender,Proposed,"Ledger, stamped decree, custody relief; reveal supports either order.",D1;D2,G2,1.10 proposed,Connect the royal bargain to continued service beyond death.
AFA13,VFX,Foundry hazard effect family,4,AF04; AF05; AF08,P0,Shared native RT fire/smoke,Proposed,"Furnace flame, vent smoke, ember, impact ash; simulation hazard agrees with visible bounds.",D1;D2,G2,1.10 proposed,Communicate dangerous machinery state without obscuring attacks.
AFA14,UI,Heat and smoke exposure family,1,X1; AF04; AF05,P0,Shared UI,Proposed,"Warning, protected, recovering; Constitution finite tolerance; no colour-only severity.",D1;D2,G2,1.10 proposed,Keep exposure risk understandable and avoid false immunity.
AFA15,Equipment,Filter and protective ward treatment,2,AF01; AF04,P0,Reuse Tech form + native state,Proposed,Foundry-specific filter detail and Magic cue; final access design chooses requirements.,D1;D2,G2,1.10 proposed,Connect protection choices to physical smoke/heat conditions.
AFA16,Audio,Foundry spatial cue families,8,F0; AF01-AF10,P1,Author/licensed,Proposed,"Press, furnace, vent onset, shutoff, watcher alert/reset, stand/shutter, coin handling; suppress ambience under telegraphs.",D1;D2,G2,1.10 proposed,Make the works feel active while keeping telegraphs audible.
GCA01,Architecture,Court palace trim kit,5,GC01; GC03; GC06; GC07,P1,Blender,Proposed,"Cornice, carved panel, royal column cap, tall portal, damaged frieze; distinctive elegant silhouette.",D1;D2,G2,1.11 proposed,Show why a custodian might want to preserve the Court.
GCA02,Terrain,Roofless winter garden ground kit,3,GC02,P0,Blender,Proposed,"Path, planting bed, broken fountain base; no assumed snowfall simulation.",D1;D2,G2,1.11 proposed,Contrast open winter beauty with the enclosed works and Abbey.
GCA03,Vegetation,Winter garden living and dead forms,4,GC02,P1,Reuse forest structure + Blender,Proposed,"Bare tree, clipped shrub, root, low dormant clump; preserve beauty and readable floor.",D1;D2,G2,1.11 proposed,"Make the abandoned garden visibly cultivated, not another forest."
GCA04,Puzzle,Mirror panel family,3,GC03; GC05,P0,Blender + bounded RT,Proposed,"Intact fixed, adjustable candidate, cracked decorative; marked puzzle surfaces, finite bounce contract.",D1;D2,G2,1.11 proposed,Teach bounded reflected-light reasoning and royal visual identity.
GCA05,Tool,Focused lantern aperture,1,GC04; GC05; GC07,P0,Blender attachment,Approved item; geometry proposed,ITEM-GC-01: persistent focused aperture on existing lantern; named attachment and stop settings; required narrow isolation removes keeper wards.,D1;D2,G2,1.11 proposed,Refine established light control rather than invent a new power.
GCA06,Puzzle,Aperture target kit,2,GC04; GC05,P0,Blender + native state,Proposed,Near teaching and occluded advanced receptor; prior tools combine without infinite reflection.,D1;D2,G2,1.11 proposed,Make aperture precision and occlusion legible.
GCA07,Story,Royal record and prison evidence,3,GC06; GC07,P1,Authored writing + Blender,Proposed,"Inscription, record stand, visual seal relation; evidence must remain accessible if challenge fails.",D1;D2,G2,1.11 proposed,Provide fair evidence against the lantern account.
GCA08,Structure,Keeper audience focus,1,GC07,P0,Blender,Proposed,"Raised dais / custody focal structure, no assumption of throne or king presence.",D1;D2,G2,1.11 proposed,Focus an encounter with a lucid custodian rather than an arbitrary monster.
GCA09,Reward,Final seal and treasury direction,2,GC08,P0,Blender + authored clue,Proposed,Final seal plus original location evidence; treasury physically dry behind/beneath ridge.,D1;D2,G2,1.11 proposed,Resolve seal search and reveal a real physical treasury location.
GCA10,Architecture,Concealed threshold assembly,1,GC10,P0,Blender,Proposed,Finale transition only; no full fourth dungeon asset commitment.,D1;D2,G2,1.11 proposed,Connect the revelation to the compact finale below the ridge.
GCA11,VFX,Court bounded optical effects,3,GC02-GC08,P0,Native RT,Proposed,"Focused light, frost/sparkle material detail, receptor response; no screen-space substitute for mirrors.",D1;D2,G2,1.11 proposed,Support Court beauty and causal optical puzzles.
GCA12,Audio,Court spatial cue families,6,G1; GC01-GC10,P1,Author/licensed,Proposed,"Ridge/garden wind, glass resonance, aperture stop, receptor, seal, concealed threshold.",D1;D2,G2,1.11 proposed,Give surviving palace spaces quiet acoustic identity.
E01,Character,Abbey attendant,1,DA05; DA06,P1,Reuse audit > Blender > Meshy if gap,Proposed configuration,"Duty continues in the dry hall; obstructs forbidden access; Reuse Horde skeleton foundation only if anatomy fits; otherwise bespoke humanoid; tattered duty clothing, mineral-stained iron",D1;D4,G3;G4;G5;G8,1.9 proposed,Duty continues in the dry hall; obstructs forbidden access
E02,Character,Abbey bell attendant,1,DA05; DA07,P2,Reuse audit > Blender > Meshy if gap,Proposed configuration,"Maintains bells and warns custodians; Higher shoulder bell/yoke silhouette, measured staff length, unique dry bell alarm; new behaviour, not a colour swap",D1;D4,G3;G4;G5;G8,1.9 proposed,Maintains bells and warns custodians
E03,Character,Foundry labourer,1,AF02; AF05,P1,Reuse audit > Blender > Meshy if gap,Proposed configuration,"Bound to mint work and machinery; Same kingdom and binding explains anatomy; apron, soot, gloves, tool weight and labour loop distinguish region",D1;D4,G3;G4;G5;G8,1.10 proposed,Bound to mint work and machinery
E04,Character,Foundry watch worker,1,AF04; AF06,P2,Reuse audit > Blender > Meshy if gap,Proposed configuration,"Patrols production and protects restricted archive; Broad guard plate, hook/tool and metallic warning; defensive stance must read from first-person distance",D1;D4,G3;G4;G5;G8,1.10 proposed,Patrols production and protects restricted archive
E05,Character,Bellkeeper,1,DA08,P1,Reuse audit > Blender > Meshy if gap,Proposed configuration,Bellkeeper guards custody. Actual ITEM-DA-01 reflected path opens shutters/exposure before a valid attack; direct handheld light cannot substitute.,D1;D4,G3;G4;G5;G8,1.9 proposed,Drowned armoured guardian protects seal custody
E06,Character,Master of Coin,1,AF08,P1,Reuse audit > Blender > Meshy if gap,Proposed configuration,Master of Coin guards mint custody. ITEM-AF-01 holds the exposure receiver lit while the player repositions to strike; mechanical shell remains authored.,D1;D4,G3;G4;G5;G8,1.10 proposed,Mintmaster continues royal mint/binding duty
E07,Character,Lucid royal keeper,1,GC07,P1,Reuse audit > Blender > Meshy if gap,Proposed configuration,"Lucid keeper is a required Court boss under latest direction. ITEM-GC-01 isolates ward receivers; defeat removes wards and enables seal, without locking death.",D1;D4,G3;G4;G5;G8,1.11 proposed,Recognises prison and provides contradictory history
CX01,Animation,H1 ordinary enemy motion library,1,E01-E04,P0,Baseline audit + Blender; external clips gated,Proposed,Animation sheet owns must/optional/procedural selection; retarget once then regional performance cleanup.,D1;D5;D6;D7,G3;G5;G8,Shared 1.9-1.11,Share proven motion grammar while preserving regional behaviour.
CX02,Animation,Bellkeeper bespoke action set,1,E05 / DA08,P0,Blender + selected humanoid reference motion,Proposed,"Heavy inertia, armour-safe reach, exposure and recovery; no blind speed scaling of worker clips.",D1;D5;D6;D7,G3;G5;G8,Shared 1.9-1.11,Make the guardian weight and exposed state readable.
CX03,Animation,Mintmaster shell action set,1,E06 / AF08,P0,Blender mechanical + core retarget,Proposed,"Core pose, shell tracks, vents and collision timing; animated visual hierarchy is not physics authority.",D1;D5;D6;D7,G3;G5;G8,Shared 1.9-1.11,Tie skeletal mintmaster and furnace body into one coherent threat.
CX04,Animation,Keeper boss and speaking action set,1,E07 / GC07,P1,Existing lich audit + authored performance,Proposed,"Required boss presentation, ward defence, exposed/defeated state and lucid speech; ward defeat does not determine keeper death.",D1;D5;D6;D7,G3;G5;G8,Shared 1.9-1.11,Preserve lucid character intent and undecided encounter outcome.
CX05,Audio,Ordinary enemy Foley and combat families,14,E01-E04,P1,Existing Horde audition + author/licensed,Proposed,"Per-role step, alert, windup, swing, impact, parried, hurt/death families; 14 shared production families, regional layers; exact clips after audition.",D1;D5;D6;D7,G3;G5;G8,Shared 1.9-1.11,"Differentiate duties, materials and attack threats by sound."
CX06,Audio,Boss audio suites,3,DA08; AF08; GC07,P1,Author/licensed,Proposed,"Each boss: presence, attack tell, impact, item-valid signal, exposure, recovery, defeat. Keeper ward defeat uses distinct non-death cue.",D1;D5;D6;D7,G3;G5;G8,Shared 1.9-1.11,Make singular bosses recognisable and fair offscreen.
CX07,Dialogue,Narrative voice and subtitle banks,3,DA09; AF09; GC06-GC08,P1,Approved scripts > voice production,Proposed,Three chapter voice/subtitle banks; silent player; keeper dialogue survives required ward-boss structure. Approve script before recording.,D1;D5;D6;D7,G3;G5;G8,Shared 1.9-1.11,Deliver order-independent evidence and the keeper contradiction.
CX08,Music,Dungeon music suites,3,DA; AF; GC,P1,Original or explicitly licensed,Proposed,"One suite per dungeon: exploration/tension/boss/outcome. Shared motifs, distinct timbre; stems conditional on audio support.",D1;D5;D6;D7,G3;G5;G8,Shared 1.9-1.11,"Support place identity, tension and relief without constant intensity."
CX09,UI,Enemy and boss feedback family,1,Combat rooms,P0,Retain accepted Horde UI,Proposed,Damage/parry/exposure cues accessible; boss HUD only if approved; no new status stack by default.,D1;D5;D6;D7,G3;G5;G8,Shared 1.9-1.11,Make accepted combat outcomes unambiguous.
CX10,VFX,Combat impact and damage family,1,E01-E06,P0,Native shared impact effects,Proposed,"Bone/cloth/metal response, parry flash, exposure response; preserve view and semantic hit event.",D1;D5;D6;D7,G3;G5;G8,Shared 1.9-1.11,Confirm material impact and parry without obscuring the view.
CX11,Data,Hit hurt and attachment definitions,7,E01-E07,P0,Engine data + Blender locators,Proposed,"Per role: body hurt volumes, weapon grip/trail/impact sockets, light/audio anchors; directional hit timing metadata.",D1;D5;D6;D7,G3;G5;G8,Shared 1.9-1.11,"Keep physical attacks, held tools and visual contact coherent."
CX12,Data,Persistence and return state tables,3,DA; AF; GC,P0,Engine data,Proposed,"Boss defeated, seal, nonconsumable local item, last valid placement/recall, loot, gates, shortcuts, evidence and safe retry state.",D1;D5;D6;D7,G3;G5;G8,Shared 1.9-1.11,Make cleared areas and earned return routes stay meaningful.
CX13,Validation,Regional combined stress scenes,3,DA04/DA08; AF04/AF08; GC05/GC07,P0,Engine test authoring,Proposed,"Real phone plus Windows: player + gear + actors + shadow/reflection/volume + UI/audio; measure, then freeze budgets.",D1;D5;D6;D7,G3;G5;G8,Shared 1.9-1.11,Prove complete scenes work on the actual target phone.
CX14,Validation,Asset provenance and runtime manifests,1,Every shipped package,P0,Author registry + hashes,Proposed,"Source/runtime lineage, licenses, texture derivation, dimensions, counts, bone weights, clips, LODs, target reports.",D1;D5;D6;D7,G3;G5;G8,Shared 1.9-1.11,Make every shipped asset traceable and safely reusable.
AFA17,Puzzle,Shell exposure receiver assembly,1,AF06; AF08,P0,Blender + engine receiver,Proposed R2,Stand-held illumination maintains shell opening while player attacks elsewhere; receiving volume and physical occluders match.,D1; latest item direction,G1;G2;G5;G6;G8,1.10 proposed,Make independent anchored light genuinely necessary to defeat the mintmaster.
GCA13,Puzzle,Keeper ward receiver array,1,GC05; GC07,P0,Blender + bounded RT state,Proposed R2,Shared receiver modules form boss ward array; narrow focus isolates valid target; defeat/recovery tracks remain legible.,D1; latest item direction,G1;G2;G5;G6;G8,1.11 proposed,Make focused-light isolation necessary while preserving the lucid keeper story.
CX15,Animation,Player dungeon tool interaction sets,3,DA03-DA08; AF03-AF08; GC04-GC07,P0,Existing player rig + Blender,Proposed R2,Reflector acquire/place/rotate/retrieve; stand place/shutter/lantern-transfer/retrieve; aperture attach/adjust/aim. Shared stow/restore and sockets.,D1; latest item direction,G1;G2;G5;G6;G8,Shared 1.9-1.11,"Turn three item mechanics into coherent visible hands, equipment and light behaviour."
CX16,UI,Dungeon item icon and feedback sets,3,DA; AF; GC,P0,Original vector/native UI,Proposed R2,"Per item: owned/selected, valid/invalid placement or aim, active/exposing, recall/recovery; prompts and non-colour indicators.",D1; latest item direction,G1;G2;G5;G6;G8,Shared 1.9-1.11,Teach and confirm actual item use without substituting a marker for physical puzzle causality.
