route,station,x_m,y_m,z_m,cumulative_horizontal_m
abbey,0,47.0,-70.0,14.9,0.0
abbey,1,31.0,-100.0,13.0,34.0
abbey,2,15.0,-140.0,10.5,77.081
abbey,3,-2.0,-190.0,7.5,129.892
abbey,4,-18.0,-224.0,5.3,167.469
abbey,5,-20.0,-248.0,3.0,191.552
abbey,6,0.0,-265.0,1.5,217.801
foundry,0,47.0,-70.0,14.9,0.0
foundry,1,43.0,-84.0,14.0,14.56
foundry,2,51.0,-94.0,13.5,27.366
foundry,3,89.0,-94.0,13.5,65.366
foundry,4,119.0,-76.0,17.0,100.352
foundry,5,148.0,-72.0,20.0,129.627
foundry,6,179.0,-55.0,24.0,164.982
foundry,7,213.0,-47.0,28.0,199.911
foundry,8,230.0,-40.0,30.0,218.295
court,0,119,-76,17,0.0
court,1,133,-36,21,42.379
court,2,146,8,26,88.26
court,3,169,51,31,137.024
court,4,193,76,36,171.68
court,5,172,104,40,206.68
court,6,201,133,45,247.692
court,7,230,153,49,282.92
court,8,209,183,53,319.539
court,9,236,211,59,358.437
court,10,272,227,64,397.832
court,11,257,258,69,432.27
court,12,282,283,75,467.626
court,13,306,308,80,502.281
abbey_water,0,0.0,-265.0,1.5,0.0
abbey_water,1,6.0,-269.0,0.0,7.211
abbey_water,2,11.0,-272.0,-2.2,13.042
abbey_water,3,16.0,-275.0,1.2,18.873
abbey_water,4,21.0,-278.0,-2.2,24.704
abbey_water,5,27.0,-281.0,0.0,31.412
abbey_water,6,30.0,-284.0,2.0,35.655
