Family,Title,Section,State,Bars,BPM,Behavior,DurationSeconds,Integration
1,What the Dark Keeps,A,original_title_statement,4,80,loop,12.0,"Proposed mapping, not registered in game"
1,What the Dark Keeps,B,original_fuller_statement,4,80,loop,12.0,"Proposed mapping, not registered in game"
1,What the Dark Keeps,C,original_transition,1,80,one_shot,3.0,"Proposed mapping, not registered in game"
1,What the Dark Keeps,D,original_tomb_stillness,4,80,loop,12.0,"Proposed mapping, not registered in game"
1,What the Dark Keeps,E,original_pressure,4,80,loop,12.0,"Proposed mapping, not registered in game"
1,What the Dark Keeps,F,original_recovery,4,80,loop,12.0,"Proposed mapping, not registered in game"
1,What the Dark Keeps,G,original_release,2,80,one_shot,6.0,"Proposed mapping, not registered in game"
1,What the Dark Keeps,H,original_home_answer,4,80,loop,12.0,"Proposed mapping, not registered in game"
2,The Fourth Keeper's Rest,A,threshold,4,60,one_shot,16.0,"Proposed mapping, not registered in game"
2,The Fourth Keeper's Rest,B,buried_corridors,4,60,loop,16.0,"Proposed mapping, not registered in game"
2,The Fourth Keeper's Rest,C,waterfall_chamber,4,60,loop,16.0,"Proposed mapping, not registered in game"
2,The Fourth Keeper's Rest,D,guard_threat,4,60,loop,16.0,"Proposed mapping, not registered in game"
2,The Fourth Keeper's Rest,E,buried_history,4,60,loop,16.0,"Proposed mapping, not registered in game"
2,The Fourth Keeper's Rest,F,danger_recedes,2,60,bridge,8.0,"Proposed mapping, not registered in game"
2,The Fourth Keeper's Rest,G,safe_aftermath,4,60,one_shot,16.0,"Proposed mapping, not registered in game"
2,The Fourth Keeper's Rest,H,quiet_recovery,4,60,loop,16.0,"Proposed mapping, not registered in game"
3,The Jailer's Last Vigil,A,recognition,4,96,one_shot,10.0,"Proposed mapping, not registered in game"
3,The Jailer's Last Vigil,B,guarded_vigil,4,96,loop,10.0,"Proposed mapping, not registered in game"
3,The Jailer's Last Vigil,C,reposition,4,96,loop,10.0,"Proposed mapping, not registered in game"
3,The Jailer's Last Vigil,D,opening,4,96,loop,10.0,"Proposed mapping, not registered in game"
3,The Jailer's Last Vigil,E,late_pressure,4,96,loop,10.0,"Proposed mapping, not registered in game"
3,The Jailer's Last Vigil,F,regroup,2,96,bridge,5.0,"Proposed mapping, not registered in game"
3,The Jailer's Last Vigil,G,confirmed_defeat,4,96,one_shot,10.0,"Proposed mapping, not registered in game"
3,The Jailer's Last Vigil,H,lantern_claim,4,96,loop,10.0,"Proposed mapping, not registered in game"
4,Beneath the Same Moon,A,rope_ascent,4,72,one_shot,13.333333,"Proposed mapping, not registered in game"
4,Beneath the Same Moon,B,reunion,4,72,loop,13.333333,"Proposed mapping, not registered in game"
4,Beneath the Same Moon,C,moonlit_trail,4,72,loop,13.333333,"Proposed mapping, not registered in game"
4,Beneath the Same Moon,D,trail_threat,4,72,loop,13.333333,"Proposed mapping, not registered in game"
4,Beneath the Same Moon,E,uncanny_waystone,4,72,loop,13.333333,"Proposed mapping, not registered in game"
4,Beneath the Same Moon,F,reversible_return,2,72,bridge,6.666667,"Proposed mapping, not registered in game"
4,Beneath the Same Moon,G,lookout_arrival,4,72,one_shot,13.333333,"Proposed mapping, not registered in game"
4,Beneath the Same Moon,H,lookout_vista,4,72,loop,13.333333,"Proposed mapping, not registered in game"
5,The Roads of Veyr,A,outbound_junction,4,80,one_shot,12.0,"Proposed mapping, not registered in game"
5,The Roads of Veyr,B,road,4,80,loop,12.0,"Proposed mapping, not registered in game"
5,The Roads of Veyr,C,road_continuation,4,80,loop,12.0,"Proposed mapping, not registered in game"
5,The Roads of Veyr,D,road_threat,4,80,loop,12.0,"Proposed mapping, not registered in game"
5,The Roads of Veyr,E,shrine,4,80,loop,12.0,"Proposed mapping, not registered in game"
5,The Roads of Veyr,F,destination_bridge,2,80,bridge,6.0,"Proposed mapping, not registered in game"
5,The Roads of Veyr,G,completed_return,4,80,one_shot,12.0,"Proposed mapping, not registered in game"
5,The Roads of Veyr,H,regional_approach,4,80,loop,12.0,"Proposed mapping, not registered in game"
6,"Bellwether, Still Burning",A,village_arrival,4,84,one_shot,11.428571,"Proposed mapping, not registered in game"
6,"Bellwether, Still Burning",B,streets,4,84,loop,11.428571,"Proposed mapping, not registered in game"
6,"Bellwether, Still Burning",C,hearth,4,84,loop,11.428571,"Proposed mapping, not registered in game"
6,"Bellwether, Still Burning",D,concerned_return,4,84,loop,11.428571,"Proposed mapping, not registered in game"
6,"Bellwether, Still Burning",E,churchyard_records,4,84,loop,11.428571,"Proposed mapping, not registered in game"
6,"Bellwether, Still Burning",F,departure,2,84,bridge,5.714286,"Proposed mapping, not registered in game"
6,"Bellwether, Still Burning",G,return_welcome,4,84,one_shot,11.428571,"Proposed mapping, not registered in game"
6,"Bellwether, Still Burning",H,communal_answer,4,84,loop,11.428571,"Proposed mapping, not registered in game"
7,Bells Beneath the Water,A,lake_vista,4,60,one_shot,16.0,"Proposed mapping, not registered in game"
7,Bells Beneath the Water,B,dry_abbey,4,60,loop,16.0,"Proposed mapping, not registered in game"
7,Bells Beneath the Water,C,interior_continuation,4,60,loop,16.0,"Proposed mapping, not registered in game"
7,Bells Beneath the Water,D,duty_hall_threat,4,60,loop,16.0,"Proposed mapping, not registered in game"
7,Bells Beneath the Water,E,reflector_practice,4,60,loop,16.0,"Proposed mapping, not registered in game"
7,Bells Beneath the Water,F,short_crossing,2,60,bridge,8.0,"Proposed mapping, not registered in game"
7,Bells Beneath the Water,G,post_seal_reflection,4,60,one_shot,16.0,"Proposed mapping, not registered in game"
7,Bells Beneath the Water,H,cleared_return,4,60,loop,16.0,"Proposed mapping, not registered in game"
8,The Bellkeeper,A,guardian_entrance,4,108,one_shot,8.888889,"Proposed mapping, not registered in game"
8,The Bellkeeper,B,armoured,4,108,loop,8.888889,"Proposed mapping, not registered in game"
8,The Bellkeeper,C,reflected_light_setup,4,108,loop,8.888889,"Proposed mapping, not registered in game"
8,The Bellkeeper,D,actual_exposure,4,108,loop,8.888889,"Proposed mapping, not registered in game"
8,The Bellkeeper,E,late_pressure,4,108,loop,8.888889,"Proposed mapping, not registered in game"
8,The Bellkeeper,F,armour_recovers,2,108,bridge,4.444444,"Proposed mapping, not registered in game"
8,The Bellkeeper,G,confirmed_defeat,4,108,one_shot,8.888889,"Proposed mapping, not registered in game"
8,The Bellkeeper,H,seal_release,4,108,loop,8.888889,"Proposed mapping, not registered in game"
9,The King's Account,A,gorge_vista,4,88,one_shot,10.909091,"Proposed mapping, not registered in game"
9,The King's Account,B,mint_work,4,88,loop,10.909091,"Proposed mapping, not registered in game"
9,The King's Account,C,archive_passage,4,88,loop,10.909091,"Proposed mapping, not registered in game"
9,The King's Account,D,smoke_pressure,4,88,loop,10.909091,"Proposed mapping, not registered in game"
9,The King's Account,E,stand_lesson,4,88,loop,10.909091,"Proposed mapping, not registered in game"
9,The King's Account,F,access_bridge,2,88,bridge,5.454545,"Proposed mapping, not registered in game"
9,The King's Account,G,cleared_archive,4,88,one_shot,10.909091,"Proposed mapping, not registered in game"
9,The King's Account,H,return,4,88,loop,10.909091,"Proposed mapping, not registered in game"
10,Master of Coin,A,shell_entrance,4,116,one_shot,8.275862,"Proposed mapping, not registered in game"
10,Master of Coin,B,shell_protected,4,116,loop,8.275862,"Proposed mapping, not registered in game"
10,Master of Coin,C,mechanism_maintained,4,116,loop,8.275862,"Proposed mapping, not registered in game"
10,Master of Coin,D,actual_exposure,4,116,loop,8.275862,"Proposed mapping, not registered in game"
10,Master of Coin,E,late_pressure,4,116,loop,8.275862,"Proposed mapping, not registered in game"
10,Master of Coin,F,shell_recovers,2,116,bridge,4.137931,"Proposed mapping, not registered in game"
10,Master of Coin,G,confirmed_defeat,4,116,one_shot,8.275862,"Proposed mapping, not registered in game"
10,Master of Coin,H,seal_archive,4,116,loop,8.275862,"Proposed mapping, not registered in game"
11,A Garden Behind Glass,A,ridge_reveal,4,68,one_shot,14.117647,"Proposed mapping, not registered in game"
11,A Garden Behind Glass,B,winter_garden,4,68,loop,14.117647,"Proposed mapping, not registered in game"
11,A Garden Behind Glass,C,mirrored_gallery,4,68,loop,14.117647,"Proposed mapping, not registered in game"
11,A Garden Behind Glass,D,keeper_approach,4,68,loop,14.117647,"Proposed mapping, not registered in game"
11,A Garden Behind Glass,E,aperture_records,4,68,loop,14.117647,"Proposed mapping, not registered in game"
11,A Garden Behind Glass,F,gallery_bridge,2,68,bridge,7.058824,"Proposed mapping, not registered in game"
11,A Garden Behind Glass,G,return,4,68,one_shot,14.117647,"Proposed mapping, not registered in game"
11,A Garden Behind Glass,H,royal_records,4,68,loop,14.117647,"Proposed mapping, not registered in game"
12,The Last Lucid Keeper,A,recognition_dialogue,4,100,one_shot,9.6,"Proposed mapping, not registered in game"
12,The Last Lucid Keeper,B,wards_intact,4,100,loop,9.6,"Proposed mapping, not registered in game"
12,The Last Lucid Keeper,C,receiver_selection,4,100,loop,9.6,"Proposed mapping, not registered in game"
12,The Last Lucid Keeper,D,protection_broken,4,100,loop,9.6,"Proposed mapping, not registered in game"
12,The Last Lucid Keeper,E,pressure,4,100,loop,9.6,"Proposed mapping, not registered in game"
12,The Last Lucid Keeper,F,regroup,2,100,bridge,4.8,"Proposed mapping, not registered in game"
12,The Last Lucid Keeper,G,confirmed_defeat,4,100,one_shot,9.6,"Proposed mapping, not registered in game"
12,The Last Lucid Keeper,H,revelation,4,100,loop,9.6,"Proposed mapping, not registered in game"
13,All That Was Carried Home,A,treasury_vista,4,64,one_shot,15.0,"Proposed mapping, not registered in game"
13,All That Was Carried Home,B,genuine_riches,4,64,loop,15.0,"Proposed mapping, not registered in game"
13,All That Was Carried Home,C,riches_continuation,4,64,loop,15.0,"Proposed mapping, not registered in game"
13,All That Was Carried Home,D,ritual_suspicion,4,64,loop,15.0,"Proposed mapping, not registered in game"
13,All That Was Carried Home,E,ritual_preparation,4,64,loop,15.0,"Proposed mapping, not registered in game"
13,All That Was Carried Home,F,interrupt_safe_hold,2,64,bridge,7.5,"Proposed mapping, not registered in game"
13,All That Was Carried Home,G,release_bridge,4,64,one_shot,15.0,"Proposed mapping, not registered in game"
13,All That Was Carried Home,H,soldiers_released,4,64,loop,15.0,"Proposed mapping, not registered in game"
14,What the Dark Releases,A,rupture,4,120,one_shot,8.0,"Proposed mapping, not registered in game"
14,What the Dark Releases,B,confrontation,4,120,loop,8.0,"Proposed mapping, not registered in game"
14,What the Dark Releases,C,escalation,4,120,loop,8.0,"Proposed mapping, not registered in game"
14,What the Dark Releases,D,human_answer,4,120,loop,8.0,"Proposed mapping, not registered in game"
14,What the Dark Releases,E,culmination,4,120,loop,8.0,"Proposed mapping, not registered in game"
14,What the Dark Releases,F,phase_bridge,2,120,bridge,4.0,"Proposed mapping, not registered in game"
14,What the Dark Releases,G,confirmed_defeat,4,120,one_shot,8.0,"Proposed mapping, not registered in game"
14,What the Dark Releases,H,release,4,120,loop,8.0,"Proposed mapping, not registered in game"
15,Enough to Come Home,A,return_road_entry,4,76,one_shot,12.631579,"Proposed mapping, not registered in game"
15,Enough to Come Home,B,playable_return,4,76,loop,12.631579,"Proposed mapping, not registered in game"
15,Enough to Come Home,C,changed_home,4,76,loop,12.631579,"Proposed mapping, not registered in game"
15,Enough to Come Home,D,memory_of_dark,4,76,loop,12.631579,"Proposed mapping, not registered in game"
15,Enough to Come Home,E,credits_expansion,4,76,loop,12.631579,"Proposed mapping, not registered in game"
15,Enough to Come Home,F,epilogue_bridge,2,76,bridge,6.315789,"Proposed mapping, not registered in game"
15,Enough to Come Home,G,final_cadence,4,76,one_shot,12.631579,"Proposed mapping, not registered in game"
15,Enough to Come Home,H,settled_home,4,76,loop,12.631579,"Proposed mapping, not registered in game"
