combined_line_number,line_id,spoken_text,delivery_notes,delivery_notes_revision,voice_asset_path
1,prologue.kit_grate,"Mate, are you ok? I heard the collapse! The treasure should be just ahead. Be careful!","Kit is unseen beyond the small grated WALL access panel. Start urgently, worried and on the edge of panic: 'Mate, are you ok?' is a genuine check for life, with a quick breath and strain in the voice rather than a cheerful greeting or a full scream. 'I heard the collapse!' carries the fear that prompted the call. Ease slightly into practical reassurance on 'The treasure should be just ahead', while still shaken; finish 'Be careful!' with protective urgency. Keep the words intelligible through the grate. Any stronger relief must follow a genuinely audible nearby player movement/footstep cue, never an assumed reply or unseen visual confirmation.",2,audio/voice/en/prologue.kit_grate.wav
2,rescue.found,There you are. Still in one piece?,Kit; relieved renewed contact,1,audio/voice/en/rescue.found.wav
3,rescue.rope,Stay clear. Rope coming down.,"Kit; practical, no joke",1,audio/voice/en/rescue.rope.wav
4,reunion.question,Steady. Catch your breath. Did you find it?,"Kit; first checking player, then curious",1,audio/voice/en/reunion.question.wav
5,reunion.hint,Let me see. Raise it.,"Kit; gentle, not impatient",1,audio/voice/en/reunion.hint.wav
6,reunion.proof,Then we're not chasing a story anymore.,Kit; quiet wonder,1,audio/voice/en/reunion.proof.wav
7,reunion.first_piece,"A start, then. Let's see where it leads.",Kit; thoughtful,1,audio/voice/en/reunion.first_piece.wav
8,reunion.depart,Come on. There's a fire and a dry seat waiting in the village.,Kit; warmth returning,1,audio/voice/en/reunion.depart.wav
9,forest.night,I'd forgotten how big the sky was.,"Kit; low, taking in the woods",1,audio/voice/en/forest.night.wav
10,forest.waystone,Hold it there. There are marks under the moss.,Kit; notices a real change,1,audio/voice/en/forest.waystone.wav
11,forest.clue,"A road to the treasury, perhaps. Someone in the village might read it.","Kit; curious, not certain",1,audio/voice/en/forest.clue.wav
12,forest.wait,I'll wait here.,"Kit; nearby, no pressure",1,audio/voice/en/forest.wait.wav
13,forest.village,There. Chimney smoke.,Kit; relieved,1,audio/voice/en/forest.village.wav
14,kit.accept_base.sit,Right. I’m sitting down before I make this worse.,"Annoyed at the injury, not the player.",1,audio/voice/en/kit.accept_base.sit.wav
15,kit.accept_base.limit,I won’t get far along those roads like this. You’ll have to go without me.,Honest appraisal; no self-pity.,1,audio/voice/en/kit.accept_base.limit.wav
16,kit.accept_base.work,Bring what you find back here. I can still make myself useful.,Already clearing a space on the table.,1,audio/voice/en/kit.accept_base.work.wav
17,hub.kit_introduce,The tomb was there. So was something worth the climb.,Modest pride; gestures towards the player’s find.,1,audio/voice/en/hub.kit_introduce.wav
18,kit.arrival_introduction.table,"There’s room on the table, if you want to show them.",Invitation to a voluntary item presentation.,1,audio/voice/en/kit.arrival_introduction.table.wav
19,hub.hoard_answer,Armies need paying. I'm hoping we're both right.,Lightly defensive; treasure still matters.,1,audio/voice/en/hub.hoard_answer.wav
20,hub.kit_stake,I'd like a roof that doesn't fall in. Treasure still seems a fair way to get one.,Candid; the want is real.,1,audio/voice/en/hub.kit_stake.wav
21,kit.personal_stake.key,A door with my own key. I’ve had worse reasons for going digging.,"A small private smile, then let it rest.",1,audio/voice/en/kit.personal_stake.key.wav
22,kit.shrine_departure.leave,"Off to the shrine, then. Leave a space in your bag for the register.",Practical familiarity.,1,audio/voice/en/kit.shrine_departure.leave.wav
23,kit.shrine_departure.return,And come back even if there’s nothing in it. I’d rather hear that than keep wondering.,Concern stated without a speech.,1,audio/voice/en/kit.shrine_departure.return.wav
24,kit.shrine_empty_return.welcome,You’re back. Come and sit for a bit.,Relief first.,1,audio/voice/en/kit.shrine_empty_return.welcome.wav
25,kit.shrine_empty_return.blank,"Still a blank on the route, then. We can have another look at what you brought from the tomb.",Looks at the presented route evidence; no rebuke.,1,audio/voice/en/kit.shrine_empty_return.blank.wav
26,kit.shrine_register_return.found,You found it. Let’s have a look.,Leans towards the offered register.,1,audio/voice/en/kit.shrine_register_return.found.wav
27,kit.shrine_register_return.routes,Abbey. Foundry. Glass Court. More road than I’d hoped for.,Reading the visible names.,1,audio/voice/en/kit.shrine_register_return.routes.wav
28,kit.shrine_register_return.work,Leave it open there. I can work through the marks while you’re seeing to your gear.,Competent offer; does not take the item away.,1,audio/voice/en/kit.shrine_register_return.work.wav
29,kit.voice_reaction,"Next time, a little warning before the lamp starts talking.",Startled; recovering practical composure.,1,audio/voice/en/kit.voice_reaction.wav
30,kit.first_direct_voice.finish,"Go on, then. I’m listening.","Looks towards the lantern, giving it room to answer.",1,audio/voice/en/kit.first_direct_voice.finish.wav
31,kit.royal_claim.king,King Veyr. That’s quite a claim to make from inside a lamp.,"Wary curiosity, no sneer.",1,audio/voice/en/kit.royal_claim.king.wav
32,kit.royal_claim.help,"If you know the roads, help us get there and back. We can start with that.",Sets a practical test for the voice.,1,audio/voice/en/kit.royal_claim.help.wav
33,kit.shared_table.frustration,I keep thinking I ought to be packing beside you.,Quiet frustration.,1,audio/voice/en/kit.shared_table.frustration.wav
34,kit.shared_table.task,Put that end nearer the light. I can make out the old road marks.,Returns to useful work.,1,audio/voice/en/kit.shared_table.task.wav
35,kit.shared_table.partners,You bring the pieces back. We’ll see what they make together.,"Warm, settled partnership.",1,audio/voice/en/kit.shared_table.partners.wav
36,kit.abbey_departure.route,"The Abbey, then. Keep the way back in mind before you go under.","Careful, not instructional overreach.",1,audio/voice/en/kit.abbey_departure.route.wav
37,kit.abbey_departure.empty,You can come back empty-handed. I’d sooner have you at the table.,Brief direct concern.,1,audio/voice/en/kit.abbey_departure.empty.wav
38,kit.abbey_incomplete_no_tool.arrive,That strap’s soaked through. Hang the pack here.,Ordinary care; wet gear visibly present.,1,audio/voice/en/kit.abbey_incomplete_no_tool.arrive.wav
39,kit.abbey_incomplete_no_tool.route,Show me where you turned back. We can start there next time.,Invites a point on the route record.,1,audio/voice/en/kit.abbey_incomplete_no_tool.route.wav
40,kit.abbey_incomplete_tool.turn,"Ah, you can turn the light without standing in its way.",Follows an actual safe demonstration.,1,audio/voice/en/kit.abbey_incomplete_tool.turn.wav
41,kit.abbey_incomplete_tool.use,"Worth bringing that back, seal or no seal.",Genuine interest in a useful find.,1,audio/voice/en/kit.abbey_incomplete_tool.use.wav
42,kit.abbey_incomplete_tool.rest,Set it down for a bit. The Abbey will still be there.,Makes space at the table.,1,audio/voice/en/kit.abbey_incomplete_tool.rest.wav
43,abbey.kit_return,You brought half the river home. Anything worth drying?,A small joke after checking the player is safe.,1,audio/voice/en/abbey.kit_return.wav
44,kit.abbey_seal_return.seal,There it is. Put it here where we can see it properly.,Attention goes to the presented seal.,1,audio/voice/en/kit.abbey_seal_return.seal.wav
45,kit.abbey_plunder_evidence.mark,I thought that was just a maker’s mark.,Reassessing a visible object.,1,audio/voice/en/kit.abbey_plunder_evidence.mark.wav
46,kit.abbey_plunder_evidence.home,Someone here still knows that mark. All that time under the water.,Let the thought land.,1,audio/voice/en/kit.abbey_plunder_evidence.home.wav
47,kit.abbey_plunder_evidence.share,I was already wondering what it would fetch. I wish I’d looked more closely.,"Admits their own greed, not the player’s.",1,audio/voice/en/kit.abbey_plunder_evidence.share.wav
48,kit.foundry_departure.route,"The Foundry road, then. Show me the crossing you’re taking.",Checks the route record with the player.,1,audio/voice/en/kit.foundry_departure.route.wav
49,kit.foundry_departure.return,There. I’ll know which road to watch for you on.,Accepts the player’s silent route indication.,1,audio/voice/en/kit.foundry_departure.return.wav
50,kit.foundry_incomplete_no_tool.soot,Hold still. You’ve got soot all round your eyes.,Offers a cloth; no automatic player handling.,1,audio/voice/en/kit.foundry_incomplete_no_tool.soot.wav
51,kit.foundry_incomplete_no_tool.pause,We can look at the road after you’ve had a wash. It won’t change while you’re here.,Allows a welcome pause.,1,audio/voice/en/kit.foundry_incomplete_no_tool.pause.wav
52,kit.foundry_incomplete_tool.hold,It holds the lantern for you. And that closes the light off?,"Watches, asking about the presented shutter.",1,audio/voice/en/kit.foundry_incomplete_tool.hold.wav
53,kit.foundry_incomplete_tool.better,That’s better than wedging it between two stones.,Practical approval of the demonstrated tool.,1,audio/voice/en/kit.foundry_incomplete_tool.better.wav
54,kit.foundry_incomplete_tool.keep,Keep it by your gear. It’s earned its place.,Familiar treasure-hunter judgement.,1,audio/voice/en/kit.foundry_incomplete_tool.keep.wav
55,foundry.kit_return,You smell like the forge. Sit down before you fall down.,Dry humour with concern underneath.,1,audio/voice/en/foundry.kit_return.wav
56,kit.foundry_seal_return.seal,I’ll clear a space. Let’s see what all that smoke was hiding.,Moves ordinary table clutter for the presented seal.,1,audio/voice/en/kit.foundry_seal_return.seal.wav
57,kit.foundry_bond_evidence.line,Show me that line again.,Returns to the relevant passage.,1,audio/voice/en/kit.foundry_bond_evidence.line.wav
58,kit.foundry_bond_evidence.death,"They died, and someone kept counting what they owed.",Anger kept quiet.,1,audio/voice/en/kit.foundry_bond_evidence.death.wav
59,kit.foundry_bond_evidence.names,Leave the names uncovered. I want to read them.,"A personal response, not an instant new quest.",1,audio/voice/en/kit.foundry_bond_evidence.names.wav
60,kit.abbey_first.progress,One seal out of the Abbey. The Foundry’s still ahead.,Points to the two relevant route marks.,1,audio/voice/en/kit.abbey_first.progress.wav
61,kit.abbey_first.prepare,Have your gear seen to before you try that road. I’ll keep working on these marks.,"Shared preparation, no mandatory purchase.",1,audio/voice/en/kit.abbey_first.prepare.wav
62,kit.foundry_first.progress,One seal out of the Foundry. The Abbey’s still ahead.,Points to the remaining road.,1,audio/voice/en/kit.foundry_first.progress.wav
63,kit.foundry_first.prepare,Have another look at the crossing before you leave. I’ll keep at this.,Suggests a useful review; no prescribed training or access route.,1,audio/voice/en/kit.foundry_first.prepare.wav
64,kit.two_seals.fit,"They fit. All that road, and they were made to sit together.",Studies the demonstrated route-mark fit.,1,audio/voice/en/kit.two_seals.fit.wav
65,kit.two_seals.court,The Glass Court. Let’s find out what we can before you climb to it.,Interest with earned caution.,1,audio/voice/en/kit.two_seals.court.wav
66,return.kit_doubt,It knows every lock. Has it told us much about the people who lived behind them?,Private unease; considering evidence.,1,audio/voice/en/return.kit_doubt.wav
67,kit.doubt_from_evidence.jailer,A jailer keeps someone in. I’d like to know who was afraid of whom.,Refers to the translation just heard.,1,audio/voice/en/kit.doubt_from_evidence.jailer.wav
68,kit.doubt_from_evidence.useful,It’s been useful. That’s why I want to believe it.,Candid about their own temptation.,1,audio/voice/en/kit.doubt_from_evidence.useful.wav
69,kit.ordinary_treasure.want,I still like the sound of coin on a table. I haven’t become a saint in this chair.,Warm candour; a rare dry smile.,1,audio/voice/en/kit.ordinary_treasure.want.wav
70,kit.ordinary_treasure.use,Good boots. A sound roof. Those aren’t foolish things to want.,"Practical, sincere.",1,audio/voice/en/kit.ordinary_treasure.use.wav
71,kit.ordinary_treasure.wait,We can count it later. Stay a while first.,Lets affection outrank the tally.,1,audio/voice/en/kit.ordinary_treasure.wait.wav
72,return.kit_enough,We've found more than I ever expected. I'd still like us both here to spend it.,"Sincere, a little reluctant.",1,audio/voice/en/return.kit_enough.wav
73,kit.enough.waiting,I’m not good at waiting. Turns out I’m worse at pretending I don’t mind.,A rare unguarded admission.,1,audio/voice/en/kit.enough.waiting.wav
74,kit.named_relic_choice.value,It’s worth something. I won’t pretend it isn’t.,Admits the pull of its sale value.,1,audio/voice/en/kit.named_relic_choice.value.wav
75,kit.named_relic_choice.claim,But the claim holds up. That matters as well.,Looks towards the identified claimant.,1,audio/voice/en/kit.named_relic_choice.claim.wav
76,kit.named_relic_choice.time,You needn’t decide with the whole room watching.,Makes room for an unhurried player choice.,1,audio/voice/en/kit.named_relic_choice.time.wav
77,kit.named_relic_returned.place,They’ve put it where the light catches the mark.,Observes the actual display.,1,audio/voice/en/kit.named_relic_returned.place.wav
78,kit.named_relic_returned.worth,I can see why they wanted it back.,Simple recognition; no moral scorekeeping.,1,audio/voice/en/kit.named_relic_returned.worth.wav
79,kit.named_relic_sold.candid,I know what the money’s worth. I was looking at it too.,"Admits their own interest in the sale value, without asserting the player’s motive.",1,audio/voice/en/kit.named_relic_sold.candid.wav
80,kit.named_relic_sold.uneasy,"Still, I keep thinking about that mark.",Their own unease; no accusation.,1,audio/voice/en/kit.named_relic_sold.uneasy.wav
81,kit.named_relic_kept.notice,"Still got it, then.",Notices the shown vessel.,1,audio/voice/en/kit.named_relic_kept.notice.wav
82,kit.named_relic_kept.wrap,"Wrap it properly. Whatever you decide, it’s had enough knocks.",Practical care for the object without settling ownership.,1,audio/voice/en/kit.named_relic_kept.wrap.wav
83,kit.mill_working.sound,Listen to that. It’s holding steady.,Attends to the actual machinery.,1,audio/voice/en/kit.mill_working.sound.wav
84,kit.mill_working.use,A good use for what came out of those ruins.,Pleased at a tangible result.,1,audio/voice/en/kit.mill_working.use.wav
85,kit.trade_reopened.wheels,Wheels on the road. There’s a sound I’ve missed.,Watches the actual arrival.,1,audio/voice/en/kit.trade_reopened.wheels.wav
86,kit.trade_reopened.room,We might have to share our quiet corner now. I can live with that.,"Welcoming, mildly possessive of their familiar place.",1,audio/voice/en/kit.trade_reopened.room.wav
87,kit.family_stays.unpack,They’re unpacking. They really are staying.,Quietly pleased after the witnessed decision.,1,audio/voice/en/kit.family_stays.unpack.wav
88,kit.family_stays.home,They must think there’s something worth staying for.,Turns the thought over; no demand on the player.,1,audio/voice/en/kit.family_stays.home.wav
89,kit.recovery.progress,Getting about’s a little easier. I’ll take that.,Cautious satisfaction.,1,audio/voice/en/kit.recovery.progress.wav
90,kit.recovery.patience,Still not ready for those roads. I’m trying to be sensible about that.,A little impatient with their own limits.,1,audio/voice/en/kit.recovery.patience.wav
91,kit.court_departure.ridge,I’ll be looking for you on the ridge road this time.,Touches the route mark.,1,audio/voice/en/kit.court_departure.ridge.wav
92,kit.court_departure.questions,Bring the answers back if you can. Bring yourself back either way.,"A plain request, then space to leave.",1,audio/voice/en/kit.court_departure.questions.wav
93,kit.court_incomplete_no_aperture.welcome,There’s a space beside the map. Show me where you got to.,Makes the return welcome.,1,audio/voice/en/kit.court_incomplete_no_aperture.welcome.wav
94,kit.court_incomplete_no_aperture.later,We can leave the difficult part for a moment.,No pressure to justify retreat.,1,audio/voice/en/kit.court_incomplete_no_aperture.later.wav
95,kit.court_incomplete_aperture.beam,That makes it a much narrower light.,Watches the visible beam change.,1,audio/voice/en/kit.court_incomplete_aperture.beam.wav
96,kit.court_incomplete_aperture.care,Put it with the others. I’ll move my things out of the way.,Careful accommodation of the player’s working tools.,1,audio/voice/en/kit.court_incomplete_aperture.care.wav
97,kit.court_evidence_debrief.order,The king’s seal. Beside the keepers’. Let me look at that.,Examines the actual evidence.,1,audio/voice/en/kit.court_evidence_debrief.order.wav
98,kit.court_evidence_debrief.cost,And opening it frees the soldiers as well. That part was true.,Takes in the explanation just heard.,1,audio/voice/en/kit.court_evidence_debrief.cost.wav
99,court.kit_response,Then we find a way to face it before we open anything.,"Steady, worried; preparation rather than surrender.",1,audio/voice/en/court.kit_response.wav
100,kit.final_preparation.table,Put the tools here. One at a time. Let’s make sure nothing’s been left behind.,Methodical partnership.,1,audio/voice/en/kit.final_preparation.table.wav
101,kit.final_preparation.practice,Show me again how they work together. Take your time.,Invites safe practice with established interactions.,1,audio/voice/en/kit.final_preparation.practice.wav
102,kit.final_preparation.route,And show me the way back. I want that clear before you leave.,Checks the actual route evidence.,1,audio/voice/en/kit.final_preparation.route.wav
103,kit.final_departure.want,I wish I were going with you. I know I’d only slow you down.,Honest regret; their current recovery matters.,1,audio/voice/en/kit.final_departure.want.wav
104,kit.final_departure.place,"I’ll be here. Same table, same dreadful chair.","A small familiar anchor, not a string of jokes.",1,audio/voice/en/kit.final_departure.place.wav
105,kit.final_departure.return,Come back and complain about it with me.,Softly; no response demanded.,1,audio/voice/en/kit.final_departure.return.wav
106,finale.kit_alive,There you are. Come on. One step at a time.,Relief before riches; gives the player room.,1,audio/voice/en/finale.kit_alive.wav
107,kit.final_town_reunion.chair,Kept your chair. Come and take it.,"Simple, warm; the table now means something.",1,audio/voice/en/kit.final_town_reunion.chair.wav
108,kit.treasure_home.real,It’s real. We’ve actually got some of it here.,Looks between the treasure and the player.,1,audio/voice/en/kit.treasure_home.real.wav
109,finale.kit_treasure,We'll need a bigger bag. Later.,"A tired, fond joke; puts the person first.",1,audio/voice/en/finale.kit_treasure.wav
110,kit.release_evidence.free,So it’s over. They’re free of it.,"Receives the confirmed account, quietly.",1,audio/voice/en/kit.release_evidence.free.wav
111,kit.release_evidence.names,I’m glad we kept their names.,Refers to records actually retained and shown; require retained names as noted below.,1,audio/voice/en/kit.release_evidence.names.wav
112,epilogue.kit_roof,I asked about the room upstairs. Roof looks sound.,"Pleased, tentative.",1,audio/voice/en/epilogue.kit_roof.wav
113,kit.room_upstairs.stay,I’d like to stay a while. See what this place is like when we’re not passing through.,A considered personal wish.,1,audio/voice/en/kit.room_upstairs.stay.wav
114,kit.quiet_closure.here,It’s good having you here.,"Quiet, no flourish.",1,audio/voice/en/kit.quiet_closure.here.wav
115,epilogue.kit_close,The rest can wait till morning.,Companionable; let the silence hold.,1,audio/voice/en/epilogue.kit_close.wav
116,tavern.preseals.kit.1,I could at least sort the packs.,"restless, trying to be useful",1,audio/voice/en/tavern.preseals.kit.1.wav
117,tavern.oneseal.kit.1,Bring back one piece I can look at without getting out of this chair.,wry impatience,1,audio/voice/en/tavern.oneseal.kit.1.wav
118,tavern.oneseal.kit.3,Your tools aren’t in my chair. We’ve got room to compromise.,gentle teasing,1,audio/voice/en/tavern.oneseal.kit.3.wav
119,tavern.twoseals.kit.1,I’m getting to know this chair better than I meant to.,"wry, a little lonely",1,audio/voice/en/tavern.twoseals.kit.1.wav
120,tavern.twoseals.kit.3,I’ll come back and complain in person. Better service.,small smile,1,audio/voice/en/tavern.twoseals.kit.3.wav
121,tavern.finale.kit.1,There you are. Bring a chair over.,relief before questions,1,audio/voice/en/tavern.finale.kit.1.wav
122,tavern.finale.kit.3,Yes. Do that first. I’m not going anywhere.,lets the moment settle,1,audio/voice/en/tavern.finale.kit.3.wav
